{
  "loss": {
    "0": 0.0127036963,
    "1": 0.0049427468,
    "2": 0.0026991607,
    "3": 0.0025942745,
    "4": 0.0021079392,
    "5": 0.001820317,
    "6": 0.0021465092,
    "7": 0.002174797,
    "8": 0.0017555435,
    "9": 0.0019649104,
    "10": 0.0021470727,
    "11": 0.0018310691,
    "12": 0.0020272525,
    "13": 0.0017847777,
    "14": 0.0019240304,
    "15": 0.0016791857,
    "16": 0.001885201,
    "17": 0.0021948963,
    "18": 0.0017093663,
    "19": 0.0019632333,
    "20": 0.0020622427,
    "21": 0.0018947021,
    "22": 0.0018091039,
    "23": 0.0019186352,
    "24": 0.0021869475,
    "25": 0.001969195,
    "26": 0.0019914003,
    "27": 0.0021219156,
    "28": 0.0016697327,
    "29": 0.0017857917,
    "30": 0.001797571,
    "31": 0.0017417439,
    "32": 0.0019794998,
    "33": 0.00209767,
    "34": 0.0019596328,
    "35": 0.0019588037,
    "36": 0.0019118428,
    "37": 0.0016532791,
    "38": 0.0014755242,
    "39": 0.0017568843,
    "40": 0.0015431612,
    "41": 0.0016030889,
    "42": 0.0018433417,
    "43": 0.0018569006,
    "44": 0.0017706043,
    "45": 0.0015683777,
    "46": 0.0017230932,
    "47": 0.0017880608,
    "48": 0.0017428305,
    "49": 0.0015842038
  },
  "mean_absolute_error": {
    "0": 0.0965190157,
    "1": 0.058015164,
    "2": 0.0540188402,
    "3": 0.0417526402,
    "4": 0.0413038582,
    "5": 0.0395707637,
    "6": 0.0409928299,
    "7": 0.0420951843,
    "8": 0.0376111381,
    "9": 0.0398362018,
    "10": 0.0409909636,
    "11": 0.0393995419,
    "12": 0.0393674932,
    "13": 0.0393809564,
    "14": 0.0393171087,
    "15": 0.0379471593,
    "16": 0.0407738835,
    "17": 0.0411486961,
    "18": 0.0392105356,
    "19": 0.0390115567,
    "20": 0.0398719236,
    "21": 0.0382811762,
    "22": 0.0389567129,
    "23": 0.0381160155,
    "24": 0.042224545,
    "25": 0.0382484905,
    "26": 0.0407389961,
    "27": 0.0403080732,
    "28": 0.0375305079,
    "29": 0.0374635942,
    "30": 0.038572818,
    "31": 0.038889043,
    "32": 0.0391224548,
    "33": 0.0408864766,
    "34": 0.0388363004,
    "35": 0.0408706516,
    "36": 0.039857015,
    "37": 0.0384872518,
    "38": 0.0354191698,
    "39": 0.0392280109,
    "40": 0.0359196402,
    "41": 0.0363073945,
    "42": 0.0398412906,
    "43": 0.0391559266,
    "44": 0.0392655693,
    "45": 0.0375019647,
    "46": 0.0386353955,
    "47": 0.0392451733,
    "48": 0.0388125554,
    "49": 0.0358893871
  },
  "val_loss": {
    "0": 0.0061596497,
    "1": 0.0022388061,
    "2": 0.0018829817,
    "3": 0.0015856598,
    "4": 0.001647505,
    "5": 0.0016306473,
    "6": 0.0014878535,
    "7": 0.0014863724,
    "8": 0.0015161412,
    "9": 0.0015096592,
    "10": 0.0014873549,
    "11": 0.0014704214,
    "12": 0.0014646228,
    "13": 0.0014626367,
    "14": 0.0014668318,
    "15": 0.0014795484,
    "16": 0.0015212684,
    "17": 0.0015084603,
    "18": 0.0014785791,
    "19": 0.0014651888,
    "20": 0.0015395819,
    "21": 0.0014468696,
    "22": 0.0014847422,
    "23": 0.0015613976,
    "24": 0.0015103355,
    "25": 0.0015203345,
    "26": 0.0014967024,
    "27": 0.001408964,
    "28": 0.0014079111,
    "29": 0.001405793,
    "30": 0.0014693814,
    "31": 0.001540607,
    "32": 0.0014233914,
    "33": 0.001445386,
    "34": 0.0014164998,
    "35": 0.0013789068,
    "36": 0.0013956702,
    "37": 0.0013755399,
    "38": 0.0013770364,
    "39": 0.001379363,
    "40": 0.0013798799,
    "41": 0.0013913382,
    "42": 0.0013625866,
    "43": 0.0013655962,
    "44": 0.0013864619,
    "45": 0.0013514779,
    "46": 0.0013520346,
    "47": 0.0013690256,
    "48": 0.0013701643,
    "49": 0.0014402145
  },
  "val_mean_absolute_error": {
    "0": 0.0660247803,
    "1": 0.0517488532,
    "2": 0.0378508046,
    "3": 0.0360271111,
    "4": 0.0369521268,
    "5": 0.036653854,
    "6": 0.0353764929,
    "7": 0.0354754403,
    "8": 0.0355732404,
    "9": 0.0355786085,
    "10": 0.0353971757,
    "11": 0.0352174044,
    "12": 0.0352961197,
    "13": 0.0354641974,
    "14": 0.03522617,
    "15": 0.0352907181,
    "16": 0.0357892737,
    "17": 0.035778854,
    "18": 0.0351791605,
    "19": 0.0354558975,
    "20": 0.035579741,
    "21": 0.0353503376,
    "22": 0.0350625291,
    "23": 0.0369376391,
    "24": 0.0352219716,
    "25": 0.0362358727,
    "26": 0.0351973511,
    "27": 0.0348874517,
    "28": 0.0347115286,
    "29": 0.0344609022,
    "30": 0.0360263065,
    "31": 0.0354127847,
    "32": 0.0356623977,
    "33": 0.0345863663,
    "34": 0.0354671925,
    "35": 0.0342285,
    "36": 0.0343947075,
    "37": 0.0341777913,
    "38": 0.034225326,
    "39": 0.0345276967,
    "40": 0.0348258726,
    "41": 0.0349967368,
    "42": 0.0340340957,
    "43": 0.0341538191,
    "44": 0.0349678881,
    "45": 0.0339543186,
    "46": 0.0340645015,
    "47": 0.0344199017,
    "48": 0.0339938812,
    "49": 0.0352798067
  }
}
